{
  "apps": [
    {
      "name": "PalmX",
      "script": "server.js",
      "watch": true,
      "ignore_watch": ["node_modules", "logs", "public"],
      "log_file": "logs/my-app.log",
      "error_file": "logs/my-app-error.log",
      "restart_delay": 1000,
      "max_memory_restart": "200M",
      "env": {
        "NODE_ENV": "development",
        "DB_CONNECTION_STRING": "your_connection_string"
      },
      "env_production": {
        "NODE_ENV": "production",
        "DB_CONNECTION_STRING": "your_production_connection_string"
      }
    }
  ]
}
